{"loss": [1.28512442111969, 0.4224195182323456, 0.25185927748680115, 0.1807011067867279, 0.13059109449386597, 0.10291220247745514, 0.08725197613239288, 0.07093433290719986, 0.06181858852505684, 0.05460555851459503], "accuracy": [0.6196742057800293, 0.8654953837394714, 0.9193683862686157, 0.9407923817634583, 0.9565402865409851, 0.9652464389801025, 0.9711928367614746, 0.9769400358200073, 0.9802546501159668, 0.9821181893348694], "val_loss": [0.4913049042224884, 0.2886771261692047, 0.2551949620246887, 0.14472563564777374, 0.13074703514575958, 0.13392946124076843, 0.11785832047462463, 0.12401939183473587, 0.10306115448474884, 0.10720501095056534], "val_accuracy": [0.8424766659736633, 0.9062713384628296, 0.9174823760986328, 0.9540177583694458, 0.9578306674957275, 0.9562941193580627, 0.9637491703033447, 0.9636922478675842, 0.9692124128341675, 0.9679034948348999]}